building_id,mean_temp,std_temp,pct_above_18,pct_below_15
48091,14.888982440541422,6.483372931016893,37.81164243591989,50.90208442809598
48093,14.033512933316578,7.238828205912181,36.5732072645572,54.167056730949255
48192,17.971732553540814,6.00687020843009,57.49270260989011,31.05039491758242
48196,18.779955551643955,5.776349320772384,64.86804504958816,24.489109814374565
48197,17.820184442508754,5.968782264302401,57.53151729586754,31.307753083027034
4828,11.767155987958487,6.780351075240103,23.649098926652204,70.08946928126817
48285,13.095305614455606,7.238494295929298,30.7339013651769,62.1741471603687
48289,14.722647487998186,6.530590071214217,36.948121967291684,51.916971185526876
4829,10.911907438427669,6.466328630366281,19.262418249209325,75.00465102966642
48302,16.974758902894724,6.8856307958326495,51.69695804557756,39.342807707664775
48304,14.665465161652477,6.342593471041447,35.74560100752076,51.61880547007735
48305,13.652503889084585,7.059589396958941,33.30130391751785,57.83551613802116
48312,12.706228803682462,7.078596582826413,28.587742076776273,62.25792322372743
48314,11.942318238886681,5.968818189429174,19.995396553991846,70.7571572624841
48318,12.585002826042976,6.9855823068125025,27.860806788677095,64.84073206256728
4832,14.741842003418224,6.753941378386466,37.65216253108697,52.09147515847342
48361,16.334360023302768,6.944176266311486,48.36661158999064,41.819122887344975
48370,17.493017659575,6.523890043410435,54.77945290891941,35.12286367487889
48371,18.211041403574526,6.498322888578698,59.6891613583026,31.099430049331865
4840,15.647058343829247,7.517327353551462,44.73623954205196,46.46059004843681
48408,17.378563992730875,6.748635616320629,54.5258714954293,35.97624983597953
4844,15.95471660230314,7.323127265949053,46.064760430630606,44.272308904213716
4847,17.418647234548477,7.002867711726703,55.94742717953922,36.10829189079468
4848,17.73244811940383,6.991033821324182,56.98559863200363,34.71023592593582
4849,18.623730894619833,6.090744852209912,63.36568034786298,27.65934881747799
4852,16.48467108676729,6.962268805420177,48.56275696564381,41.94914506537735
4853,14.800025710501403,7.361176338172676,40.00674948173623,51.807093383900884
4856,16.362921227506437,6.977448424167889,47.890851568679146,42.95742156604271
4857,15.539589291493474,7.201884024080932,43.795063194503356,47.59662962648797
4858,14.883739325121889,7.545714624814952,42.3193644082245,50.15173730691854
4859,14.614031757341008,7.534321347145315,39.60518198642813,52.664250462677366
48593,15.674452014475152,7.177488596627691,44.91732056567806,45.89262756572239
48596,13.998546867060304,7.255218389328927,34.990418356934875,56.81665463776412
4860,14.342691956836186,6.780175269502289,35.132087424770354,55.224580297751025
4861,15.200190221653665,6.766709222512085,40.114707294272215,48.4006670203896
4862,12.731755097294329,6.506242943638594,26.31621610667531,64.09232764560451
4863,17.258391268444104,6.724377748173607,53.19536094872572,37.22953682691403
4864,12.76382119367438,6.9911786773945135,29.13868773315778,61.94974764099188
4870,15.924510402966712,7.183527537759142,46.44899708272213,44.776094803289766
4872,19.897539909904488,5.587276681577173,71.32955904271296,19.939135313419136
48728,15.309414568507538,7.490868484477854,43.25001520403819,49.216079790792435
4873,19.751378296151426,5.811047956467805,69.68589956476902,21.30184754680044
48771,12.714604582631724,6.743118031834513,28.28653503164607,63.67804662468236
48781,13.225649502963694,6.69946372154871,30.21184123420545,59.15436202976139
48784,12.533736845331198,6.539167265401091,26.207144915010083,63.85623739556324
48788,14.57063894777442,6.709784435778642,35.62548374613003,53.74419504643962
48789,15.602415116687258,7.296161193579274,44.25476105312219,47.29728264993117
48792,14.858193716218757,7.008829255752453,38.60021320836368,52.28460150090244
48793,16.013145055423593,7.145734290822394,46.229327453142226,45.222869743266656
48797,13.59582971951951,6.3726246558995125,32.0446009138479,56.99350461739308
4880,15.10847744046132,7.118837744655308,42.12639334970716,48.74677246678002
4881,13.30389244691653,6.664703127091279,29.997147080945098,59.83089970692741
48813,17.725404049051107,7.212708098365366,59.229753157764385,33.045763504774484
48817,15.256675979644895,6.375740036322803,38.436283009750134,50.32263566332187
4882,9.455704686871277,5.769479448492619,12.78162221474966,82.81684158363272
48836,12.723282464112565,6.91478350059375,27.903576650144423,63.97496701494134
48837,11.24179084308677,6.690707419012225,21.487915883962227,70.01475056417756
48838,10.779342630546031,6.696988079088575,20.24347167907153,72.50536142298473
4884,13.056777883218762,7.1732096538699786,30.721660154733872,62.4990296788884
48841,17.601527225689967,6.907402285102484,55.615901389659605,35.27633800488801
48847,17.991379567161776,6.68057349923762,58.27528952287465,33.23169139837721
4885,17.70339776052608,6.173127437213305,54.979015066880045,33.84764032730457
48854,13.430338098907832,6.9337408539259435,31.393372364999344,60.55961530080049
48855,15.957044105934742,6.719065746077887,43.81301922541836,44.89817550647251
48857,16.522860478043967,6.62117954796995,47.57502766746956,41.29288457782697
48863,17.030961343825144,7.138255291331243,52.57576716229041,38.92945270484024
48864,17.08543908279205,7.124590825050187,52.87165795700422,38.641798787817436
48865,17.255051329154874,6.694077762700854,53.79953549136304,36.024822180287416
48867,10.233096288163683,6.723891793368119,18.244882228922492,76.43444945705153
48868,16.596013853900867,6.971537308785175,50.66928600460642,39.71819536648151
48879,14.03049736410974,6.224086697185036,30.384689035936933,57.61718334432647
4888,13.276886356391733,6.695032321750835,30.62140152497536,59.36770579386897
48880,13.94276984359927,6.317079579889133,30.223082517003892,58.389656499978614
48894,12.918633632833963,6.437034754889356,26.882045088566827,64.08905886562891
489,13.342994447703935,6.07297345833173,26.698222213212787,60.32616407532788
48946,15.65293432920233,6.758100045597372,43.14521362579792,46.67555545067315
48947,15.65293432920233,6.758100045597372,43.14521362579792,46.67555545067315
48959,15.408006820650606,7.210365964777363,42.25072686847956,49.68131805484294
48960,15.392802344644632,7.22176844573751,42.22204485593423,49.71779756678791
48963,16.545691352638414,7.115080475608864,48.601163704268814,42.75759197476743
48966,13.221343045300749,6.991337108107896,31.461083743842366,60.11724137931035
48969,13.453658451120189,7.2079213674196785,33.258526940187835,58.67820069204153
48977,13.481398227824176,7.221262232421088,33.42890191697397,58.42272291372134
48999,16.898860516731993,6.877187340601051,50.91770395623563,39.65055894711805
49003,14.080293003033615,6.7293419218913915,33.851729988175414,55.56783712919644
49004,16.79844100772886,6.872211803421287,50.47996240853864,39.882750441923434
49006,16.79844100772886,6.872211803421287,50.47996240853864,39.882750441923434
4901,15.142089343366724,7.193085619181251,41.50735840642188,50.41573757494673
49018,12.994531735177748,7.213715534712169,31.277411861790732,61.41938047282118
49035,16.387031542256107,6.85565551324791,48.16769309000509,42.214814396293576
49036,16.745856834603355,6.449973371576887,49.320397183771426,39.38397843469557
4905,14.25527473649477,6.571556104032464,35.35023137259192,53.61280371071315
49051,14.039042109263052,6.18779796735774,30.038324870371763,57.525952485748945
49052,13.880659676773687,6.2625671667328,29.697201667091942,58.79582376456579
49055,15.87669186364253,6.989919631241017,46.02434794045359,44.898194043714504
49064,17.16203816504032,6.5007807023491075,52.73616304392489,36.48436536960184
49116,15.656255037229915,6.947736025612257,44.29148375768218,46.11530582382207
49120,15.969875567574675,7.033698226693855,46.065755018911844,44.59354087867326
4914,10.698474547959501,6.5235216556894455,18.606199292698147,75.26211774495528
49147,14.389043087762138,7.063105041379128,37.570006057450136,52.99418697329409
4916,14.049519739057674,6.719211207169687,33.382593550430144,56.81532696469098
49163,12.093183607858794,6.4032583319883285,22.552269583148444,68.20886951528283
49164,12.621296576574341,6.443263493201165,24.79262069867853,65.6469972523878
4917,14.226180648642929,6.686811512218604,34.1626723847965,55.90628153380423
4918,12.871816327580778,6.564494514643673,27.349483239459726,63.496472904248925
49180,16.738233396567082,6.978447645745242,50.257572113863326,40.206563975343954
49183,14.058427742517514,7.141243355944846,35.5056841609236,56.20781056723803
49186,16.68501583675714,6.779603852628941,49.29935768598293,39.99915669932114
4919,14.512994300877025,6.726017373973577,35.838746696707766,54.104505111548626
4920,10.481744460453266,5.763359109403317,14.429880284672514,78.2043733796081
4921,14.49817765918666,6.750376844167374,35.87940332397742,54.193867146025845
4922,15.651554118984569,6.746106421233551,42.003351995150304,47.65360339478658
49221,16.035942923379295,7.388124346777383,49.51251836403423,42.00458201917051
49225,14.943034686637818,7.156912416661705,40.36791896671848,51.02497454311592
49297,11.860766906479958,6.792483745703475,24.474805111307564,67.44997187173512
49301,14.637590228575004,7.076721508559244,37.9400260756193,53.294951398660075
49302,14.646188473726456,7.069581947626868,37.94906218131592,53.28204267623633
49303,14.782426807338217,6.970583105198425,38.05412221893377,53.02073012237335
49304,14.782426807338217,6.970583105198425,38.05412221893377,53.02073012237335
49305,14.782426807338217,6.970583105198425,38.05412221893377,53.02073012237335
49307,16.808153760620865,6.505552307938928,49.86733308651117,38.80970011106997
49310,14.528857263378178,6.748786538521842,35.445951601388444,55.04788163757662
49311,14.301649888330207,6.897106204595341,35.232363511052036,55.48909565303008
49312,16.919515190850156,6.386312456840669,52.29341281430657,37.08467524154348
49314,16.484636364213337,6.557462376774856,49.01268864028831,40.28830993317817
49318,17.166754926428034,6.324455406161386,51.71784042917476,36.47414678689647
49320,16.68790125469959,6.7576275661016645,50.2454833694898,40.0186198477037
49322,18.095522459870665,6.05413167003283,59.19486876529665,30.186794947534253
49324,16.942207713509042,6.897341541973855,52.123251323856515,38.954689669967365
49326,18.15674105044595,6.0605327871328765,59.60741511332435,29.948667223766563
49328,16.93633573790802,6.839128851977542,51.516426104666614,39.130434782608695
49330,18.34732842604544,6.002262737706313,60.85736842989367,28.754766424215955
49333,19.726594859696554,5.851572330916287,70.15059048967944,21.74085105496657
49338,19.709071880916778,5.817519826443979,69.98251250559193,21.684493066005125
49343,19.979969060638943,5.694233280811838,71.73027511436987,20.129096948047877
49359,17.10043685451154,6.966567224383928,52.71299777105026,38.1749226521175
49366,14.029306685568619,6.803312521857601,33.228374314523265,57.60481160445781
49368,14.475926179464865,7.192030619746797,37.63951275965556,53.24336517526137
49369,14.563255023023615,7.194149128938756,38.3866671889076,52.626219106184635
4937,15.685158921856866,6.797416127387363,43.05837999461422,46.88414073599465
49371,14.975090763839459,7.360545430549065,42.17010120373242,50.02959997744764
49375,14.851451420949566,6.937993070539677,37.972403219624375,51.5293215791491
49376,13.975847764527648,7.26001008120563,35.533177827084636,57.133375054522006
49377,16.270478438157696,6.722472845413179,46.666962870810565,42.7437389849084
49378,12.73683904700253,6.497624299007912,25.33857393087538,64.57469987610544
4938,14.623445059594982,6.772333390326031,35.77565588549141,54.095374765426655
4939,15.406787369666544,6.774616789398524,40.75110672081367,48.78809497676801
4940,15.210742230789359,7.006858877585129,39.840082159624416,50.69230487089202
4941,14.653302101953528,6.790814506567925,36.07965892308121,53.698250959046625
4942,13.482057642276002,7.087415137797806,32.177086173269295,59.506532726548244
4943,14.556702972201442,6.896569467957879,36.3860577379133,54.5390347502556
49430,12.494618097125286,6.266468239106095,23.58278842956888,66.60478776460157
49431,16.22657563558988,6.819337861844873,47.02091537990691,42.61494219686558
49433,16.157151960446743,6.75285875967771,46.81848161905093,42.63894192383796
49436,15.796830047834964,7.072734470604846,45.18683808907183,45.971881792535726
4944,14.167690759326577,6.684390294872574,33.307149886688876,56.78376987459032
49440,14.372523481261883,6.7191638817308705,35.506337216745614,53.41313532198182
49445,13.636626064358005,6.53300478804012,29.524195591588548,60.37699518621737
49447,14.459858913795093,7.195928045389445,36.900950500184514,55.06318382653621
4945,13.842268062003855,6.716877625182675,31.941693660342434,58.594169366034244
49452,14.434563385881996,7.067249747965589,36.92463228006185,53.835784799587685
4946,14.698650814519773,6.983374943114623,37.58069294929924,53.60974690022356
4947,13.923104526144318,6.746559475600704,32.8268768415915,57.83004031164699
49475,10.768234995691458,6.393598104083717,19.007977166276348,75.0365925058548
49476,12.321282394516624,6.213344999118338,23.813953488372093,67.12790697674419
49477,12.356200668763469,6.1999852112060205,23.956227984061904,67.0352832476757
49479,16.097289798585837,7.118676951476014,46.319390795717915,44.25402431141312
4948,13.758268079951495,6.625401754115631,31.427980913526778,58.76009812819568
49480,14.394764094561078,7.482389962296975,37.746747783314994,55.08704938191703
4949,12.077473630716712,6.449102225163038,23.317390726717154,68.63159293211106
495,13.061052129587031,6.981109659864102,30.20811868947043,60.713203476321496
4950,11.260576514714591,6.193471752313705,19.47697063369397,73.07449768160743
49501,9.405534750993642,6.409095178559996,15.207926882009785,80.14146908727452
49502,15.548307369147635,6.368705679720052,42.12487153134635,47.00239808153477
49503,15.55441272628479,6.373262173310206,42.19484259090763,46.90694612445006
49515,18.83296797414423,6.294465558525728,65.61325966850828,25.69797421731123
49516,16.096800150987143,6.613418022773794,45.57201073451943,43.52947023158732
49517,16.174302156026005,6.585003655015988,45.92797502728219,43.164226074156794
49518,16.118764363424177,6.61974917869273,45.73693496682488,43.40100892124947
49519,16.16753620396686,6.5943676348822,45.92523032410345,43.16641709601279
49520,16.106791761831392,6.633698234929125,45.73444993911682,43.413434059789765
4953,18.630301686529265,6.134030003363744,60.17025041267922,29.17669144540227
49532,12.433022446724125,6.862668220636135,27.53556904288063,64.69919282067764
49541,14.546824785776453,6.856268153853701,36.709313616927034,54.471115351198485
49551,20.099407675624413,5.3069807202488395,75.71658840843787,16.595416637465835
49552,19.72278145174408,5.4008950260521384,72.77812305779987,18.078861957047167
49553,19.6498103077493,5.499408873051493,72.34146853881438,18.722644350292377
49581,13.917955422975512,7.059239700574544,34.43380921479559,55.88092147955873
496,11.99836475379442,7.31935088250776,28.28497565712636,65.25202419852236
49602,15.341447958924224,6.81004132856281,41.730172340913754,48.25545585198247
49608,15.6767404377288,6.48950756252851,41.53758496866263,47.87263644675297
49612,13.492939438343004,6.727734219522094,32.1670442867932,58.76016788619396
49615,15.297576377926013,6.821502600793527,41.33093431380219,48.39239615113823
49616,15.807692921686792,6.658246642799441,44.98233138942485,44.56392134758384
49622,15.367038962587142,6.843614474216205,40.62073132289587,48.98996532520752
49632,14.270047981999328,6.422093931271559,34.68439502997366,53.2950278993549
49633,14.128144828048963,6.408713999788786,33.977138352384706,54.17297678567724
49634,14.287220948471354,6.427345747182737,34.92708830301396,53.158124001742415
49641,12.139470100407193,6.6608780075460645,25.344054556929862,65.34372669076483
49647,16.072178633567226,7.158899472801454,46.63014071565909,44.47091252488472
49648,15.468163355860284,7.019705571552483,42.643226904770174,48.08914984539485
4966,15.372656704594633,7.425381324596315,43.3726493824413,47.780126849894295
4967,16.216751940743023,6.962983188254503,46.6691310432234,44.06437303619993
49671,12.643238346286253,6.288236564307426,24.960809781878442,64.31450709902808
49672,12.818147725995804,6.0084938160752035,24.439483184495536,65.15453796947241
4968,15.639561661722093,7.041704989416729,43.6572598102885,47.16679130423374
4969,18.10693529742854,5.987149869810909,57.151445197903136,28.985716346847497
4977,15.491278128194091,7.166463820176719,43.58625803262481,47.80559282536544
4979,14.946067835793508,6.927048809828657,39.69869015154902,50.97590415306898
49796,15.174546473920362,7.231508287746066,42.24657898233028,49.0407865019264
49800,17.266908661978945,6.480409574394432,51.198002509163366,36.79245283018868
49801,17.545158577693638,6.594822446346155,54.260333127698956,34.62800740283776
49803,17.845859155217976,6.273548493306267,57.51297898640296,31.66131025957973
49818,13.85190042738231,7.640263347776399,37.369964016432824,55.15584708454667
49819,18.465313810775644,6.527674181114906,61.66195476575121,29.55187986488471
49843,14.843523926936491,6.431477173775059,36.83782118972193,51.152763111580434
49866,18.964460804515202,6.183697045712187,67.306640625,25.177734375
49877,14.414209727775859,6.623305726275452,35.141123856619785,54.04996419547917
49886,16.2286539809952,6.328328096067076,46.775163587374905,40.89804657428792
49895,9.15023968061679,5.77819229106968,12.458535989743382,82.62886912635585
49898,14.900628663514505,6.6893713641416666,38.26541084175238,50.778809094848235
49900,14.63197394377031,5.9888087060794675,34.141998014830385,51.20423892100193
49905,15.174413647072623,6.827677365115744,40.561847657117475,48.941446443112
49907,14.964657053637291,6.875313783270353,39.70411190130444,50.359310421863945
49913,16.38399625238459,6.912325460363452,47.95268709818363,42.63778790337682
49923,16.009122449718976,7.1107494218277605,46.154245785385875,44.178767176663115
49934,17.721341502503172,6.265360233869669,56.34750234119824,33.0348781434869
49935,14.855388217356447,6.658533514931931,36.71342183044899,52.361953899338886
49936,13.114783651926427,6.45799572660378,26.597101565716923,63.21820610418696
49937,13.419967766418617,6.566324863078034,28.567641961463963,61.28249566724436
49939,14.39027618115411,6.602629673702371,33.89187720728063,54.86226568867155
49946,13.302179031495005,6.764326930678903,30.391442753857774,60.93530808244307
49951,15.342805403391846,6.89670289472288,42.61713391753863,47.71060298602215
49970,12.785768346894855,7.557157311892733,31.47501275574569,61.616699654052965
49980,13.04013358472037,7.426738098495313,33.137237318028276,59.52649986548292
49986,15.616451936486897,6.9587180724075495,43.852619458837076,47.18480138169257
49987,15.706712070988196,6.960574334561854,44.275442477876105,46.589233038348084
49988,15.289569070735327,7.070872166124827,42.39450893679749,48.77234199373503
49989,15.32802219318258,7.0910296266431505,42.62382061869939,48.598583589010126
500,12.938410065436305,6.880176363323596,28.43285621203523,63.45923450406708
50023,16.510353301776455,6.895965018093112,48.69047089688292,42.0012746972594
5032,14.312740595983563,7.25381372490671,37.81896579463912,54.085014641052865
5033,14.373914789246397,6.660221676862642,35.408413506885495,54.04829277494812
50405,16.162134376349098,6.4927461922987835,46.00324418122147,42.71002301105285
50409,16.20279129995083,6.3280503297790105,47.00133411932612,41.87273122149484
50415,14.992120064041467,6.528462227433877,38.381808090959545,50.22724886375568
50416,13.433549023657745,6.566340882926764,29.045799607862854,59.617414911266394
50417,13.391802850342353,6.56699191438677,28.809231321343287,59.840715537826604
50427,18.825100647157424,6.329058732109998,63.936227869444785,27.554799470071057
5045,13.14506148163187,6.978282830257333,30.25763194734386,61.04084289117567
5046,14.669839540065963,6.802858059528196,37.91137106586335,51.751029801955525
5047,15.115746685388263,6.486006686100237,39.03221867531879,49.17578104558062
50473,14.809900474705238,6.284017649889592,38.11738145180992,49.56321025718787
50486,13.020783163996084,7.132343197943847,31.450857059546372,60.087892862349776
50487,12.787821951269331,7.05912835935014,30.149381220079064,61.73993365249002
50489,14.644514614240702,6.497626168116833,36.24406834074059,52.10028391705208
50490,13.14066040413901,6.5570607913130425,28.983137155055914,60.268512896844825
50492,15.677006766745626,6.866847657455276,43.95433638586168,45.5714167322753
50493,15.66804999622958,6.85875386313291,43.93430867750899,45.555677279925106
50496,18.213157443338815,6.217678535230293,58.444779982743746,31.232281523480832
50498,18.119534782950613,6.252038079392246,57.77166230563326,31.960359710066466
50499,19.471930829747073,6.055117220416944,67.55906396606456,24.103154760232602
50502,16.791011703655826,6.759080743745139,49.799449996646324,39.98256086927359
50514,15.919207797502317,6.808594814320359,44.588031032285,45.108898705522954
50515,12.746797412519168,6.521462660016858,26.589424817058777,64.76709418522307
50516,14.26411504072866,6.940294359661639,35.35582870116652,54.79527127534644
50520,13.371825289959434,7.199149607603636,32.42274758004468,59.42386448250186
50522,15.75645718133435,6.944254128411454,44.08104523520614,46.761859073849365
50525,12.756250545503296,6.801721486880036,27.845761070516772,64.2255040056343
50526,12.745275411520089,6.800717015929103,27.832431004885777,64.38003433249703
50527,14.00122067257823,7.371720223145609,36.3565016395205,56.01569639305488
50528,14.351645436470259,7.303537579653094,39.08328944053862,52.837382920741064
50530,17.595737460720343,6.5077765458662205,56.83557275156345,33.79813631879866
50531,17.082272889492145,6.610793346269441,54.085960763287154,36.62380437176259
50532,17.552233587816474,6.900109496822886,56.31198033203503,35.482445236319435
50536,14.102580344822236,6.955783599811129,35.63366494030238,54.049146997548505
50537,11.918947050801295,6.215838924164595,21.62542323497202,68.18277722518611
50538,14.608720285828584,7.152018774948258,37.96908434735396,53.64408674267829
50539,16.178339778476495,7.326192970482041,48.15634298669166,43.75183929719773
50542,13.583491375888237,7.036589928805763,34.17631120166355,56.70776533848642
50543,13.423646665111038,7.5300310645334765,34.97096246734452,58.170917360497675
50544,14.00397280238959,7.041319243351825,34.93166963755199,56.00911071499307
50546,17.422305723347975,6.609764174899729,55.99077879121981,34.8381276936955
50547,16.481253976247814,6.682392552629762,48.74985641536164,41.43278324462993
50548,16.34738885473842,6.9226328958770855,48.76746858434963,42.00615338992475
50549,15.376138276415736,6.8528516773497685,42.42051589682064,48.12237552489502
5059,15.117221830665729,6.887963153652995,40.39467427484546,49.54298092671844
5060,14.074313755917156,7.302973447129953,36.257010568467514,55.48843611708361
5061,16.400229101012016,6.779196817166779,47.03877478753541,42.961003895184135
50611,15.408589437316643,6.859592139127055,42.150648164011194,48.16115584489749
50614,17.22673621160781,6.433945188288587,54.7081681516662,34.947861469822456
50615,15.733242021522619,6.709761172513897,43.83157300342655,45.45244542549505
50624,16.018397849639847,6.852622062879571,46.289366354118485,44.42248665012825
50627,17.52186387942123,6.962274461918156,55.5898813521379,36.149541079023955
50644,15.399618332888119,7.20092390172039,42.56615840941744,48.720860175186544
50645,14.81151188808745,7.136512806004334,39.29855030513544,51.400246038063536
50648,14.662512446693185,7.112795402803475,37.098658157887236,53.52696504373095
50650,14.629645394188202,7.110640916725917,36.88851534231745,53.76648907376278
50660,15.95354171611073,6.402436707547858,41.61312589603356,43.95703590202608
50664,17.18194656252953,5.855637135449052,49.78404603073646,35.29146390166699
50665,18.392816200347646,5.585981243718634,59.252854002042184,28.89878296705824
5069,16.5134831523462,5.969866104085472,47.84516668305635,38.79191660930278
5070,14.10787077781015,6.359360237910266,32.9303165604776,55.43696382882657
50708,18.22696252360696,6.365255358788928,60.19798622704508,30.66308430717863
50709,17.185514560793383,6.694705694681755,54.534088589508066,35.78408858950806
5073,14.87549323741556,6.712316543592441,39.48693530147015,50.6743646211535
50737,13.98400427967888,6.945951402955508,33.571122076807555,56.83222484445398
50739,16.53005275421095,6.860250816896583,47.35692907431274,42.5756494509357
5074,14.949337529856008,7.115701024625229,41.864301424882854,49.53500047814861
50740,16.476647415093183,7.185255660429522,48.41088823993349,42.214311598064505
50741,16.537822303739286,6.8570212232829535,47.421340774982426,42.50047930468867
50747,12.302195818904874,6.792184296341004,25.430799497499347,66.66666666666666
50749,15.181760267647256,7.15948556901617,41.42108277168406,49.26875468041055
50758,13.990141875500742,6.929572745740007,33.558149775004566,56.83524319912364
50765,14.330141173194772,7.079334506487772,35.85541496292004,54.82898140098952
50766,14.260639259942009,6.846049895721069,34.3972393627314,55.20629528498635
50772,14.279792561642045,6.851212651359469,34.50472689641791,55.09178910603987
50773,13.980134109043393,6.9853614992582,33.72135556750941,56.7154384077461
50774,16.384942703433378,7.139866499854085,47.918443042291955,42.54028819918145
5078,14.076204335762016,7.193408973876765,35.73480513017711,55.995385554977496
50787,13.642327437750366,7.1407475912754865,34.27500604497461,57.49845517315494
5079,16.82895924015621,6.847022626330107,50.60081737817067,40.09595308960064
50811,14.30814760267952,6.983202114663236,36.172160333922214,55.10082656731993
50814,15.609403354961396,6.6532379727272675,41.41742265182427,48.79240449497551
50822,16.215006705599155,6.397021664014203,44.83597551404803,42.17417464552922
50824,16.268353437992598,6.3141931657524415,44.99362244897959,42.20742984693878
50825,16.40015269917179,6.486891696387788,46.71627453073299,41.042375078147636
50826,16.345245961979,6.526044148137899,46.55393248147357,41.16983318593517
50829,16.83266063256309,6.676821221993314,49.70311292249315,39.55098025437425
50831,16.049229927380235,6.574411228490814,44.56019475448992,43.238252721510264
50834,15.14867186443899,7.388775698056594,40.96393865426242,52.09436742965043
50837,14.126505929251492,6.840429076834059,34.37870116944514,56.34535954217467
5086,17.738437484221432,6.662021217239515,57.124854869311584,34.03704018350183
50864,16.950778960956203,6.828597980928639,51.612113496707224,39.03346635003795
50868,17.112927850979126,6.8785695514681295,53.680803386173125,36.91869311422801
50869,17.566037283646974,6.75652576818527,56.83417419012214,33.71946362187998
5087,18.606915745246873,6.51645134505419,62.42865073377649,29.217257626008852
50876,17.113939956932875,6.934250249347399,52.48197174750568,38.32608910402055
50877,16.808905322050286,7.391191768371525,52.94680943675459,39.29949798322742
50878,16.92453913216722,7.026711808104827,50.80807801751527,38.428599055170324
50879,16.14630764125095,6.927268309179285,45.24867677602341,44.84556803716194
50886,17.076442601149303,7.1266069675549994,52.52810338201384,39.11654496541122
50887,17.121425653721346,7.109962269474013,52.80162511184735,38.728204880172186
50895,15.989456485640048,6.967537809184341,45.31988020822865,45.106827728981166
50899,15.602502366700815,7.352859612973679,44.83349028336615,47.08786348200782
50901,17.045341135907933,6.728824889847549,51.40564556283274,38.48289861733502
50908,17.18899235423744,7.057789937603571,52.71794402989338,38.25576213276045
50910,15.568232333432567,6.974824573518513,42.473456496899516,47.29429587500481
50911,14.833665583930442,7.164798792471868,39.63814285278786,51.679724415449805
50912,14.833044296959413,7.169872682880801,39.65795811358717,51.662957656311924
50913,14.833044296959413,7.169872682880801,39.65795811358717,51.662957656311924
50914,14.833044296959413,7.169872682880801,39.65795811358717,51.662957656311924
50915,14.71846896474334,7.872440125664386,41.97818106612895,51.29517605087638
50916,16.479770477242756,6.975630012396935,48.181031735191006,42.49419478213359
50917,16.298459156273,6.976520081390362,46.89104521499174,43.6701273438737
50920,15.936396074707126,7.264424598498455,46.123053301162535,45.04003070848871
50921,16.641642104862722,7.314865470757107,51.084187511283176,40.62142699536638
50924,16.331386722261634,7.092881355934927,48.70302231497245,42.07626265399894
50934,16.499829023308365,7.015882759613553,48.741440833252966,42.00742598129039
5094,16.851376001154513,6.253250420697287,49.93565349754376,38.563620009686574
50941,16.549405321704402,6.755584271919603,46.83474027360599,44.42467293976967
50943,14.253495489669332,6.391795681945043,34.25536792236571,53.90718524744658
50944,17.342104277562353,6.947332225427996,54.24536868870323,36.58508899382492
50948,17.467085785471923,6.459912373380424,54.08189372281611,35.183599007753315
5095,17.583630798916808,6.824346120629279,56.954897620365244,34.79939125622579
50953,12.815346518951928,6.901773381386121,27.86993271070673,64.82075196735646
5098,15.193950595428316,6.643026153135436,41.09731407747334,47.451747874207044
50982,17.134677481886055,6.779351299407535,52.884248804950296,37.85154989882401
50983,18.52430985864419,6.735984128756061,60.898672534073015,30.454550194479495
50985,18.525356805288084,6.736926728596457,60.88886567787759,30.455400041779818
5099,17.841955507193443,6.729649769947765,57.44962738062379,33.817278498481926
51001,14.14284862839662,6.978313067015404,35.05511637211484,56.03658788957411
51010,10.329109184930395,6.3694781063421235,17.20047035264806,77.54182529426147
51012,12.161488497201267,6.741781132676922,24.599497322696973,67.36750081958256
51017,16.93996245575426,6.813316890230894,51.2985511189715,39.22318209645602
5102,18.150733867810303,6.63353215326883,59.01551431707074,32.16352389504141
51020,18.41498802408928,6.801183309132709,61.07248555456381,30.901489171794992
51023,20.982386621012342,5.908131614208524,77.17977444170587,17.792217491971023
51027,15.567751649464274,7.181581979121115,44.466112150276594,46.97204865947653
51028,14.591926140272381,7.100952704284815,38.51766419813038,52.46691756707539
5103,16.315822378782148,6.921586896239094,47.40102138848157,42.9804823785205
51030,17.28205585855678,6.583526129876572,54.32180743380031,34.734796339784594
51047,14.345659109597527,6.930438940240113,36.779170684667314,53.4391163320768
5105,15.953594036899208,6.881919851258841,46.52183287042321,44.487564839122875
5106,15.869613723986333,6.9220498564195925,46.28734901462174,44.69802924348379
51076,15.365532664634749,7.175468231032002,42.969345737379896,48.56069849016318
5109,15.332298122617807,6.8410131294282985,41.44390289081584,48.85559813376246
5110,16.030528644493966,7.010002086857709,45.83342326203786,44.91830876481126
51105,12.226477496037576,6.285749152464481,22.845357750748548,68.47271055672203
51132,13.908577006693644,6.62975173048268,33.385775604083655,56.394821895788084
51156,14.545123549234308,5.798497683595572,30.652139080275596,52.167120653741385
51191,14.501595593895303,7.3613866987543215,38.392980708018484,53.030806277505604
51192,17.961526864435683,6.5528893130776185,57.845123364989405,32.32314952515896
51211,17.869664613911613,6.6879125587405435,58.43821034540112,32.412540888174306
51283,16.785814369683976,6.586119741372572,49.794786602496764,40.19250971099113
51288,15.839778340418107,6.275943951191392,44.455468764093595,44.551981671567475
51292,18.029808329845075,6.861877700112553,59.60871296138316,32.582608201103334
51309,16.19185897052744,7.466639127145337,48.75672904383491,43.04195505425959
51310,15.918043853387983,7.0185406224679685,43.704636880305785,44.59507823572359
51311,15.967741406993909,7.354547979274815,46.80734635247443,43.60956257053935
51312,16.137427408646765,7.177201317634322,47.855630579079886,41.52552071412223
51314,15.754026932144717,7.090474230008066,44.70015333068317,43.75745357487648
51316,15.781826533414275,7.073711832766882,44.38823630283804,43.74374803509674
51317,17.163716730142653,7.204784301593642,54.483477428835045,36.168540477736386
51320,13.205393641694052,7.024774657507961,30.670790378006874,61.300343642611686
51392,15.959510499017924,7.0424851313453996,45.94000616903146,44.978665432860375
51395,14.366146463251294,7.269564458613364,37.967335036584224,53.576158054548614
5145,16.01910498907334,6.917742908397351,46.2188387366514,44.14926049161193
5147,17.242448882217325,6.437739763989018,53.08525506638714,36.198462613556956
51487,17.1226761425361,6.108869209333045,51.96853056209917,37.18961688889891
51488,15.368216720810972,6.8983897722809395,43.559903360800725,46.221795590836535
51489,14.835430035531136,7.012870311311426,41.31118503968299,48.690291008595146
5149,16.614636685562683,6.763839006947709,48.99627888758323,41.33862122992558
51494,15.370005683021127,6.67117297644568,42.43373935144798,47.06256125273281
51496,15.318333201753674,6.704343568412927,42.317426469796345,47.33826586109227
51497,17.47788538541719,6.112774240737558,55.675681769500464,33.62682209169927
5150,17.215767419989238,6.7991651965721935,53.723396743351834,37.62516064342103
51501,15.674246048142985,6.649526093159789,44.34426136428158,44.906371719603456
51502,15.674246048142985,6.649526093159789,44.34426136428158,44.906371719603456
51504,16.90639775569799,6.137749233205628,50.22954877911556,37.073253066276585
5151,17.377745376952902,6.806650068216005,55.20216500093781,35.85782803247501
51511,15.389759688719264,6.8717650368931125,43.51311168092396,46.145144260811485
51512,17.54139222906534,6.079574214311415,55.94858924290682,33.47326483067539
51513,15.367426482627142,6.894022777023446,43.4786356094723,46.167769182701626
5153,13.748565409062307,6.894555315241837,30.871431768703328,61.30338358867932
5154,17.38120976106074,6.6152744937531525,54.4286785406086,35.662851726625824
5156,16.80097747051328,6.553425223647731,50.18836043322899,38.541868646297885
5158,13.48043964694332,6.594519680392708,29.066065817760872,61.830246403175124
51580,16.66932022304306,7.057162095361348,50.44942198428007,40.45978821399047
51586,17.42243687872181,6.434444102034846,54.94042629942813,34.627014524736616
5160,15.646163030828246,6.700221546696574,43.74261691334862,46.07601973455632
5161,16.849624079634474,6.9522273566085655,51.195294980466265,39.62878862671537
51616,14.28451895433131,6.434381048907414,33.81708931663102,55.03233526835727
5162,16.797618470020634,6.689624668010786,51.25839277488519,38.86011809210067
51620,11.560650279798766,7.016507802875822,24.706534965285236,69.42058549853267
51624,14.520180184492952,7.033098974294567,38.654875933328306,52.43419564069689
51629,17.610045957400548,6.830081410563658,53.89695783044507,36.175808761214526
5163,13.485890670818808,6.670587984200501,30.42557092509218,60.89596023387047
51647,16.90585952805112,6.587420746312719,51.804443788655675,38.024272381865806
51652,13.887953097028678,6.672467664188097,33.33455931933258,56.434587517010556
51657,11.874034835599716,6.1258011902784935,20.773010076016227,70.23471050784549
51662,17.798439729959227,6.00350171508974,57.11569747644811,31.589799856229426
51667,20.150716888963085,6.14916080052259,71.45938069216757,21.61457194899818
51673,11.77688494138764,6.374160323387722,21.786723799578706,70.42651639270476
5168,12.929501131556295,5.945897962974985,23.618249487302833,66.06324530977035
51680,10.28691698019499,6.0577415985676435,15.670552622569774,78.4752878430242
51693,19.724676459250865,6.362006433459645,71.20667154725149,22.161568577521724
51695,19.916474398559952,6.200702058329053,73.38055559947507,20.668173984536818
517,14.678179096971537,7.340876976814006,39.33475123842343,52.62491923325436
51706,16.600131304568816,7.001207449894815,49.53043422895709,41.46026996052464
51708,13.978082762914383,6.877843576417607,33.9331086336531,57.4812030075188
51712,13.369717342279143,7.4764480407873,32.645474546696,61.06643400854765
51716,14.871033540336382,6.759944251561009,37.21870760804797,51.27984076473496
51722,10.593624680712708,6.320045536011995,18.26546353050387,74.9593873288466
51723,10.593624680712708,6.320045536011995,18.26546353050387,74.9593873288466
518,14.7683248658862,6.880308744119377,37.83502820206678,52.12441846103174
5184,16.77909286925865,6.525722208879096,49.27357293868922,38.981818181818184
519,15.223869891964517,7.397117401300932,42.73105152394015,49.47805965929912
5196,11.367043128093034,6.860873506441516,22.42282075985423,71.21853139530013
5197,12.774687813637005,6.473445644882,26.464620299615767,63.402840737382895
5199,11.880957963539355,6.462840009772972,23.01096369608805,67.22409453521607
5204,10.464667259205203,6.367294358851263,17.72897930673186,75.2510259320702
5207,14.740014023374874,6.995037174517948,38.716837420123596,50.134928330276516
5212,15.655802257622637,6.847928985732005,42.62243893065597,46.05721422909711
5219,16.033356796174264,6.9431949705479585,45.42901413906643,44.67686745432242
5220,16.341217163168043,6.98656579424137,48.53800069596622,42.5084879663679
5224,15.791344045316885,6.861106778275792,44.026838432635536,46.362855609232426
5229,15.598057972248883,7.235627586955847,44.905167408554284,46.732468872975936
5230,16.05327918980906,6.998519879306576,46.46125205099079,44.12312255458791
5233,16.441218455736692,6.843012102006466,48.53461036134088,41.74836743578581
5234,17.06327702941279,6.598703476055761,52.521454558114435,37.34572736609397
5237,12.103019342909931,6.638442018520884,24.88884916999933,66.88710650371992
524,19.057071220027048,5.971679617224165,65.86132117437722,24.238211743772244
5241,11.76338661822796,6.840546468772768,23.56792533688872,69.61255813215243
5249,13.229774525383563,6.57548025036526,27.982613070945376,60.1679991054956
525,18.06911305024921,6.36367909235767,58.81170707197588,30.532177699618973
5252,16.436807920241975,7.064687079634792,48.94467417872131,42.720327127945765
5254,15.793692409128651,7.140428500849444,44.37990862125601,46.96897303431182
5257,16.820739790756026,6.433314047831751,50.74197120708749,38.095238095238095
5258,16.838533933034917,6.41035812258555,50.748867027744005,38.04852437272024
5259,15.63983188723457,7.192750970382678,44.4089180781196,46.400795022468024
526,16.05736338964847,7.050595778583998,47.0121017820524,43.53464460041013
5260,13.038146134590532,6.921282877266356,29.369979226891736,62.73333430177661
5261,15.263880359891338,6.606191430085101,40.058433914363114,47.27048378175216
5263,14.004500130238782,6.212001700624502,30.530240882989034,56.03997315236035
5264,14.855276939420772,6.477369201832913,36.75552781740371,50.97628388017118
5265,15.918744298231934,6.579592159242511,44.826070045490674,44.195288586745136
5266,15.465744101040752,6.569825697112711,41.14092054959181,47.9824371024558
5271,14.773530260888652,7.136974600780514,39.30971745122266,51.99386294822881
5272,14.042743319848528,6.967607818300378,34.53636264811393,57.01396114484494
5275,16.0954477094607,7.449880099718233,50.857749524191775,41.104651915532706
5276,16.344005858296427,6.779369980510875,48.92139439507861,41.59671907040328
5277,16.516360266098708,7.152184108834399,49.26020823768125,42.65614123431923
5278,13.807579827468345,7.2302220092946365,33.697607881308436,58.82812730436835
5280,15.499144195789967,7.032535112050335,44.91042290140426,45.86239116010129
5282,16.6461954649558,6.858486685882956,51.7574704372972,38.155233039629636
5283,16.433146090176916,7.073673545067885,48.99844732432474,42.73393903057695
5284,14.999224977076683,7.396533947988063,40.600678951035476,51.71887276339001
5285,12.897607377072157,6.905383668452366,29.040234225473053,62.35425568234723
5286,12.575861634564024,6.64852220582801,26.20744595201573,64.88470045848624
5289,15.672285887561223,7.200696547920139,45.2263625555347,45.6987985733058
5293,16.574101781318763,6.253528339416966,47.22516145510271,39.57748020578684
5294,16.04433955078873,6.835724383503429,47.0259353217901,42.53220364030443
5295,19.972551409592928,5.297535683525719,72.22222222222221,18.083720172652495
5296,12.407783416505158,6.201491913399348,23.582590727108354,66.96155667484611
5297,13.85358944314215,6.999146903113241,34.41050670445301,56.40662310740245
5302,13.658033412589532,7.564902491369924,37.16576514366824,55.18215879592333
5307,11.043901136124225,6.481396202651315,19.87537191938472,73.74501768371414
5312,10.832739891350755,6.180883253430271,18.38055025878507,74.45110324162354
5316,10.95595370565058,6.301867927927799,18.95617054725829,74.26476567370503
5319,13.977802183235694,6.587939990723403,32.622478386167145,57.14157060518732
5320,13.22749168624854,6.671953580677216,28.76006794148266,62.58104578744543
5321,13.947941872156083,6.355683314643123,31.910024704199714,57.15251592770771
5322,13.544576167434135,6.614960629399477,30.204331908600697,60.53310249057693
5323,13.584258313663195,6.557741730451694,29.6000286717798,60.11217833847036
5324,13.81598264517852,7.254525140364102,34.96573013132423,56.69962852508764
5325,14.292856066693108,6.996650260449486,36.87506480041473,54.64178330741317
5326,15.007736526235542,6.928998179141367,40.61509132997452,50.47172564047698
5329,18.13792407701682,6.680136331681834,59.519949563181115,31.49449097841424
5330,16.942826097540742,7.078674358554523,51.269659352950114,40.40402645641458
5333,17.310534473227445,6.575471884928094,54.88632305677895,35.34251874776812
5335,15.145086330452134,6.947431993606692,40.23072470160157,51.2142679934945
5337,18.06747415097215,6.607633909001041,58.853980721171006,31.488754016422703
5339,15.51099131652236,7.18933855703677,44.04420285856189,47.21041885105679
539,17.095123859789815,7.130436079854528,53.82116821998708,37.65248685060441
5403,15.730060278735381,6.994554287531546,43.89815010199057,46.708166279805866
5405,15.77825260155976,7.401600245528018,45.24971696887586,46.90088652153202
5406,15.07554169528902,6.991297540095465,39.95790902919212,50.86490156143923
5414,10.684872665432458,6.52395599681838,18.91039567185726,75.2939857317056
5418,14.81149685717808,7.325002279844349,39.97937435544861,51.76349260914404
5422,12.633240193536377,6.678707570387263,27.63095351269132,62.429888772697026
5443,13.110557014211995,7.399754369536543,32.0293021462537,60.69142783703894
5446,13.476680598617259,6.833881683031165,31.291054580198256,59.695541530009464
5452,12.183746698258032,6.509376637322963,24.623684665838276,66.99435330386775
5453,12.410516213128268,6.604929377613936,25.47969726470496,66.0380617404139
546,15.92106193368728,6.804946030095211,45.08763253440768,45.010433880559205
5496,15.186982286881916,6.701860371507533,40.524752878005124,49.12419151446122
5497,10.024397418711287,5.812031632628392,14.257982120051086,79.93869731800767
5503,15.263215010137682,6.678813212877358,41.46948839791636,48.01025490292134
5507,14.25230213350238,6.671451309499758,34.36491511154763,55.46688648800336
5508,14.154594804903063,6.556194249760855,33.01916255827961,56.522854529636156
5521,13.16082635483963,6.608292651504835,28.58589023596616,61.52715177516932
5522,14.660737383158981,7.130164247709316,38.24708649631135,53.219555222923134
553,18.229990432729878,7.161002253514053,61.00348913280512,32.00007269026678
558,14.625222024188634,7.274602320209482,38.46633416458853,53.25464747222852
559,15.313180696015676,7.059623076985726,41.42047150104447,49.6890480453596
5605,17.726178964814544,7.242855051022079,56.37139750593983,35.5490825133898
5641,17.48597187785195,6.529834364525093,55.54932133178937,34.57686201009944
5643,13.264090938916802,6.45720304501168,27.5966438067507,61.701339667701106
5645,13.367446826874932,6.543672670500481,28.977974475092633,61.653458213256485
5659,14.02338411527454,6.946547475630164,34.92815500929091,55.422062724293966
5660,15.41932617665257,7.304143830479959,44.471229779381204,46.75555703336714
5715,15.005755137675145,7.230717711736602,42.480061744275794,48.72137895549267
5724,15.146368543426115,6.5167553868852455,39.612621857362754,48.676244227809136
5725,16.65096508210815,7.009932394019922,51.52614694614881,39.39483601706793
5733,14.263661297070513,6.6630680972810366,33.89658239105577,54.5154248622677
5750,17.409000546068228,6.579061566992934,53.72562834081267,36.40317961127874
5774,16.733538545582455,6.690652059194407,48.290683949132536,40.68283557159083
5793,15.118933735516723,6.894751278334565,39.20100304003572,50.897411675798224
5794,14.968320495787019,6.8422689617559795,41.22174444091221,47.783894122174445
5853,14.93223704602594,7.089388996448346,41.908225198827964,48.864587693595645
5857,16.36008630337075,6.743361804525029,48.024694594452896,41.815655638861216
5863,17.93164141081268,6.38816927237476,58.41508715115725,31.617826036342084
5864,17.87738480297704,6.394819225281736,57.80384766059271,31.92795959638739
5865,18.362729402460374,6.4423365862443145,61.24581850723372,29.886220782818057
5866,17.924403725319156,6.3761038535487895,58.08945626077484,31.59737279082804
5877,16.837114754108562,6.597199845345605,50.66748781857373,38.26326371655768
5878,18.08482599887891,6.522271503582587,58.694079780116446,31.33883042204622
5879,16.821489739036277,6.573001006438421,50.475878807712235,38.45846173425328
5880,18.087440586173383,6.4945666643686275,58.85615188684358,31.318532434922414
5890,15.152909275555729,6.692612785019529,39.90486825434321,49.22369918611892
5899,14.710014082320114,6.262023387606023,34.84359208223432,52.29866640372717
5907,15.25296909221079,6.701199625804593,40.58910054582366,48.574658708257864
5918,16.299179269931265,7.209393927447349,48.60225600784698,42.87546685781115
5919,18.346100437159414,6.517157232359223,60.898168282165635,30.98441012788855
592,11.522223413074288,6.940568271258877,23.420875019850723,70.54847546450691
5920,18.17508694352291,6.713112207813786,60.60639572389641,31.40724357202101
5921,17.741099629690112,6.797580905908137,57.89716436359611,33.82838588270022
5922,18.22287684064111,6.68867824602615,60.75827985542524,31.23847458877333
5926,18.602096896738985,6.311427794454183,63.046973699322386,28.337353087554074
5927,18.322497988568177,6.607087403407533,61.48516746411483,30.23732057416268
5928,18.96970388549736,6.2761528821882315,65.22992895882668,26.623252616301272
5929,18.607265364676817,6.474215857528044,63.46752199131871,28.486920447124803
593,13.624807686905852,7.245841592290237,33.86530297182555,58.66074874565804
5930,19.0066338393813,6.27025451365602,65.47195098602336,26.46946199502202
5931,18.31884356464791,6.595370861608402,61.473212576111514,30.270363420518514
5934,16.594058034123137,6.824915135525431,49.33513549529312,41.27585451984123
5935,17.736265447031773,6.615446710190488,57.10717621735776,33.70629086626325
594,13.991823850277859,7.213904908498606,35.50172792302602,56.82503335049002
5942,14.857592059054891,7.11410266053123,39.794618612688225,51.59219945692421
5946,14.770139993443777,7.190217389364813,39.85459746141469,51.76191327493396
5950,15.985661204851688,6.646713223096735,45.38893422876865,44.18540623985998
5951,15.948793203579703,6.68921938017262,45.37145443275843,44.25576293031355
5954,16.678372667036903,6.782424158657962,49.582368827160494,40.91242283950617
5958,16.639074139286155,6.843781001347683,49.60404836404373,41.00803492100282
596,13.660846871626223,7.401610594022641,34.016240392548525,58.99170610968778
5964,17.530419604188225,6.855673947295925,56.63981468676531,34.71684414327203
5965,17.580911888942918,6.771300813073373,57.51101245187472,34.22878151989178
597,15.582220894952016,6.894234398209642,42.550728897788964,48.45080514040583
5970,17.00304103957838,6.860230554526725,53.25008880024045,38.03655837591191
5971,17.785785965308914,6.701360809269751,57.967648942985264,33.45077941490497
5972,18.04542037041029,6.525370763463898,59.284188034188034,31.947115384615383
5975,17.620543478345432,6.819176079936159,57.283133655308596,34.38375536996025
5984,14.378718635206427,7.444574306754016,37.291747888239115,54.76803118908382
5985,14.646481988967958,8.148667150633985,41.294360562653246,52.77326106594399
5986,14.801454351524352,7.914321936399639,41.49134383976399,51.94860647465259
5987,20.260823115181275,6.044059407735026,73.16059602649007,19.97682119205298
5988,16.04362972404584,7.188445138919782,45.74325036912044,45.285804682556424
5989,14.444682994515485,7.708903216400348,39.41727584274787,53.342975906597346
5990,14.845839486582271,7.8667975118485005,42.14823136005016,51.22916557813888
5991,19.598879478523266,6.538146562997343,68.02040105173124,25.09107612380017
5992,15.01830928304179,6.728435141737746,38.43468887548603,51.154285420970915
5993,14.178034607237214,7.027045452763384,35.87398117540185,55.307981528678496
5994,13.938854899730288,7.136952740790109,34.966808854337565,56.53348141043438
5995,17.123074058836135,6.8712208839998405,53.03790235540601,37.15795822487461
5996,14.016721347529199,6.921761927712805,35.97414698943278,55.26675786593708
5997,13.939939660313458,7.133945358045413,34.494621955077506,56.062163872192336
5998,15.691212564360987,6.365858886208946,42.048817572153894,46.6346284380006
5999,16.78097014506528,6.102357922456658,50.72572217419913,36.958288714858924
6000,16.82964087188516,6.066299876824841,50.81571958338943,36.47912663541679
6001,13.405827765651845,6.895183244841851,31.58942616649254,58.676496678428514
6002,16.79722544434916,6.143018323247125,50.99854617797842,36.7587420613666
6003,16.74126188319444,6.14788146333623,50.6835501206265,37.08785948609285
6004,16.427603049721377,6.303239352880746,49.03873252380194,39.14300768278786
6005,17.04780454776885,6.24344826472932,52.73718986275249,35.788563446486776
6006,18.384048681312926,5.911096139830187,61.58163464161828,27.887126320302453
6007,16.86342554044115,6.14447653755161,51.45026856825338,36.39809841328641
6008,16.633994754957058,6.243196825541397,50.177055126021585,37.74521215982748
6009,16.961164784003167,6.085112467510617,51.98869087978303,35.665945987437155
6010,16.75747921992895,6.156359660306504,50.82622465137662,36.99494304541043
6011,16.45040533874469,6.302684559140658,49.1506890167377,38.983809038607305
6021,13.853455786167393,6.898633574587591,33.70263152166815,56.77252247349978
6022,16.17259297378,6.703091482389195,46.09457436627322,43.90812495398886
6023,14.488602031418374,6.509700118997668,35.82467359445777,51.8851585398348
6024,16.424266230477528,6.19751682419756,47.293411676459556,39.94249281160145
603,11.783463433650132,6.431648196917448,23.27175990108284,68.21162276593353
6030,17.896630118815985,6.571138572796854,58.56523362338818,32.64983774159272
6032,17.893274145739195,6.651434387660821,57.5868644309709,33.28537663138423
6033,16.70117289539396,6.764801055558771,48.91768078003197,40.70398382941357
6034,16.978940662096473,6.733131312186849,51.29209417173997,38.713156512977704
6035,15.636203204095835,6.909621245959833,43.80219573988928,46.23669367030538
6036,14.909446407196775,7.161942267825859,40.37148247548694,50.99646586772247
6037,17.85135284071579,6.6581498405609985,57.45021458252913,33.41583596357774
6038,18.342140671913366,6.3005500073054055,61.533976227853785,29.43111310458249
6054,14.477656341384819,6.93008476241545,36.96200426793781,54.04899814316991
6055,15.592312581140176,6.913855849250591,42.82358758808258,47.74384967239461
6058,16.132491599468135,6.599300601046464,46.33029432579826,42.70221889180301
6059,15.802940171104764,6.736730295655115,44.0243290694758,45.522949586155
6061,14.798241569446995,7.043716623340671,37.74763209936509,53.6654754883253
6064,13.411770700691822,7.1535827834189805,32.17907494434826,60.5552807321296
6069,13.782122785917883,7.691400827747288,37.173129555862666,57.06853101373872
607,11.704269207990958,6.643968059357457,23.58386709367494,68.4747798238591
6070,17.200770287478505,6.841904982284896,52.95239641248326,37.97126739986202
6078,14.882615035653313,6.44900144288186,36.19573844557055,51.67287380181941
6079,14.602167089654065,6.681819425129454,35.79716119912833,52.84174568584722
6084,14.108265441365493,7.048839171809826,34.63939306635936,56.15288581580716
6085,14.153434181503657,7.0305437317802175,34.79161825083275,55.906731737547446
6086,14.167318528744396,7.027330171745693,34.82289871721233,55.91422554087689
6087,15.047478841091767,7.197833108272574,40.15492351629435,50.802655086525036
6089,12.654998312418753,6.47268066534073,26.509451672996665,64.51254205958381
6093,12.484315088345392,7.026176594461647,27.374605904270567,64.51418744625967
6094,12.333044052513985,6.918506363970954,26.637109733700644,65.58482552800736
613,17.097997716775065,6.903299896478366,53.33069921269061,37.80841162525243
6134,11.913119523173693,6.745789547207825,24.27556323588203,67.85396489689592
6138,12.540515169346657,6.602971833196925,26.117900514227827,64.9876251907516
614,14.35685150801969,6.817238037134793,36.240777474919014,53.83100480927033
6151,14.93672863034629,6.663608005405675,39.51142400834392,50.08800234672924
6156,15.580837983219658,6.711911686742056,43.30678938002193,46.17569340835146
6159,16.347273614940047,6.990541760042519,48.130467893827664,42.34634173523785
616,15.29102489248665,6.594986385172936,40.84405767174306,48.36277148862421
6160,15.716537354762663,7.212801531784951,45.06950695069507,46.581324799146586
617,12.01049411171612,6.831973727998308,24.377529072946665,68.26583062957967
618,12.223780544890698,6.560113415167376,23.849923808739344,67.6248918907788
619,14.667400651348196,7.104918043140885,38.87509460518104,52.304383041440396
621,16.88137283271344,6.494583429251104,49.221450968831235,39.07887331493045
6212,16.611159024501475,6.484750257227361,48.592337494619024,40.404649160568226
6217,16.12406011426155,6.62348457638982,45.036041939711666,44.35001638269987
6218,15.754699139408187,6.748594554874512,42.922599293437536,46.708061235413766
6219,15.823005387569697,6.786601305293413,43.18587496505301,46.878427493064365
622,15.370654467859275,7.189652580402182,42.00339967609385,49.68211690067324
6220,16.96298105724588,7.270825465896426,51.4706543737351,40.65437373510232
6222,16.634285564694377,6.627358093287104,49.09589619158139,40.746914231459016
6223,16.422735629582892,6.68586448216773,47.43366588834642,42.528125663341115
6224,16.612732404244678,6.634825667631683,48.996094162356165,40.990182624300644
6225,15.709352668192002,7.420455384960995,43.673405492441184,48.62018069594776
6227,16.09445212130836,6.739791820282458,44.61335786876333,45.79900464221488
6228,16.07271200608232,6.709498655575072,44.45114721361263,45.840700601169054
6229,14.405226115051462,6.978049310485492,34.99812350241058,56.341118392563295
6231,16.166326469784934,6.75179815660114,46.34196934182414,43.76361260345579
6232,15.963064670894736,6.718487906326835,44.75533276003104,44.923128552551546
6233,16.636461495247246,6.693926577952941,49.25301904801427,40.691787359422335
6234,15.774199944076225,7.382847574254775,44.33793344396891,47.6067778845314
6235,13.525712288246698,6.641455966709757,31.238854505402287,59.767574290809364
6238,12.190011519666664,6.624400994824152,24.863281680112166,67.20962496972011
6239,14.96169363584624,6.234425060889766,36.86947703896856,50.69752281616688
624,16.323214527187478,6.588060890340297,47.3458107590434,41.70087013626662
6241,10.550209903176858,6.3381866473637105,18.558769312772526,75.53061541764448
6244,12.751301152078776,6.40496930892328,25.90295352477362,64.87660732310303
6245,10.051459401139375,6.104129004491299,16.389284675235544,79.25640241400662
6246,13.239911989741584,6.32775924974584,27.961083334168315,61.67049086700801
6248,11.6384635494568,7.158749995419779,24.889197276551457,68.9145236133397
6250,16.01521417852411,6.458608910825349,44.51909041346441,42.95562863825821
6255,10.771408340014034,7.421541541052676,23.80280365039044,70.73572302192116
6256,11.530059099615553,7.091016784337056,23.529103806922787,69.77409756821137
6257,10.164797224883209,6.921311870271628,19.18001595777328,76.49121884069407
626,17.286523416599795,6.701314932951717,51.67618951307074,37.66327889299018
6262,14.704775081357294,7.104696052731911,37.92348686714884,53.30224590787971
6265,17.77474651562282,6.86996210213174,58.3817347051665,33.286314857838256
6268,12.876942033885728,6.677801865142601,27.23890649254019,64.33400469525728
6269,14.706776062172151,6.637397791947967,37.60964537065553,50.95871972989312
627,15.242399965185605,6.8683587977113145,40.97898581410121,48.59067330086809
6273,16.67481509918701,6.737136023763573,49.53588195841717,40.504359490274986
6274,12.49471108116406,6.6712505203639525,26.904900727283888,65.49851167643538
6275,15.965367241527318,7.020955463190551,46.259976403636614,44.48192102158373
6280,18.860189222179212,6.435497718800086,63.768522954421556,27.799712553483225
6281,16.16224376021347,7.278518397240651,47.86319351716439,43.95978607207704
6282,15.290751423533319,7.265348285426698,42.691126304018574,48.32476962928362
629,13.25821031020338,6.6849111407678565,29.130584719135566,61.86872557284083
6290,15.263862667367489,6.036370715017867,39.31470230862698,46.25151883353584
6296,14.631960000419658,7.3466272101641525,38.83075096838686,53.105085592902654
6297,11.2319166750037,6.802689685401918,22.426107659253237,71.0237500725858
6298,16.503605361461474,6.8264819793278235,49.11405213351884,41.29172463751451
6299,10.89211064915879,6.791539923038206,21.081750299841374,72.40685572793748
630,13.796699150484217,6.605568526567239,31.932906084342115,57.797294089722286
6300,15.817833005303712,6.753590457935669,44.783345718001115,44.732258963403304
6305,11.969742272288645,6.703095313405571,24.4245720194554,68.09582168434758
6307,11.201107219653126,6.843346139408968,22.57520648632265,71.01045692202773
6308,11.87102831862762,6.114461095182832,20.230902729441024,70.13948826461007
632,12.823915075457647,6.994709463258143,28.416406399388105,63.17642934540124
6320,14.841144968749328,6.867999781852741,38.70349852584928,51.3793168203414
6323,15.100259438006063,7.412710872793273,42.24015356178018,49.97511730413764
6326,14.725770626147499,6.545896234377391,36.05321415145566,52.811077231527506
633,16.71239306011598,6.614829729563796,48.498898027199914,40.38864699242058
6331,13.531681693130619,6.002790155472608,25.295734820516845,63.115230539627674
6332,16.20677345958404,6.488512489445909,44.03527700895998,44.44027458522932
6333,13.76650262669904,6.0187312269573665,27.2525353397958,58.239639112243665
6334,17.151949849362733,6.221259332612854,52.79784555939347,34.56120836016627
6335,14.43542940400874,6.629891088686085,35.141498383544956,53.922831841821676
6336,16.654818337443597,6.029186421302098,45.36863908637967,39.56782175446454
6337,17.211534141731573,6.740624372291685,53.76812038370774,37.406907965306935
6339,16.42000282133198,6.986452816641552,48.62355480646974,42.77625003696147
6341,13.613897589207882,6.962612688135719,33.725361635864445,56.96430766709011
6342,13.881958547544498,7.311082745318292,36.05048376869106,55.77965512303884
6344,13.42077205348857,6.973505775445501,31.12530256991296,60.57166400576814
6345,13.596163795057437,6.790318050794757,32.36784449227384,58.632937293092304
6346,14.930240449660303,7.118705884746441,39.65438754652647,51.42770433711495
6347,16.279437370365304,6.840979956431024,46.36376952230991,43.93686947287475
6348,16.4583863962681,6.387878691131403,50.23826979472141,39.43976050830889
635,15.69232698666303,7.417479739398044,45.47381895275811,46.8458738349534
6353,17.046056262855934,6.782620479706949,53.39346723569258,37.2294269940536
6354,17.683111302501455,6.776579811678921,57.01659628793087,34.554790196546065
6356,20.665404546700522,5.418623154906858,75.51730644248306,16.53284135935764
6362,12.042353724762268,7.438902089395663,27.568583063979744,67.25165987934515
6366,16.914674154210058,7.348554524423314,53.48796221227396,38.83934341476024
6367,18.106459763561915,6.594605639546628,59.09551252682598,31.959682669817465
6368,13.86167778742421,7.183368863381696,34.620886981402,56.76231688717057
6369,15.863371867085363,7.223355507469999,45.81320361051915,44.284646367724015
637,14.623913366934863,6.71130740503532,36.54988565474499,53.47839618939363
6370,15.041067611454446,7.2245752111278705,41.46855739376246,49.44969646415496
6386,15.56878882112087,6.7560191850431375,43.609390753276685,44.75442892121561
6387,15.477739583193783,6.697084154815866,41.81251083001213,44.81170218910645
6388,16.496669826213655,6.425998671150858,47.25824246679372,40.23871272800218
639,16.30690342665192,6.797976255931402,47.537461732638704,41.13137117997744
6395,15.471674830125306,6.69990864339601,41.779321476955005,44.92116565301358
6396,15.500332395776029,6.738438187281377,42.15356290095222,44.875003595984005
6398,11.908266149476082,5.597405491183488,16.499660203299644,72.53864283751935
6399,12.02127824705493,5.793542249660807,18.900551452061105,71.67580954026464
6400,11.723478162650967,5.689710604051582,17.33584786145142,73.49668168665333
6408,15.476892700565944,7.033742976026514,46.03712412191667,44.82204664612329
6409,15.332996066941597,7.064356480540772,45.27785024784764,45.744557497753426
6422,14.536850274182077,6.920296303590154,35.8663221269114,54.840428365922534
6423,13.309508651169853,6.828245496721891,30.057646156510554,60.37754521388457
6424,13.550057173655723,7.132068283123151,33.20108890624011,58.40209340114377
6445,18.008626819445166,6.497198053897094,59.27744559549468,31.726691232705278
6452,16.93961388586241,7.077582215230471,53.65239294710328,37.76095586004985
649,12.141760197481629,6.967834717545038,25.50052573979099,67.6015536147293
650,8.910299560171184,5.729604002726243,11.847233803253893,83.7237487637922
652,9.134418338964725,5.679874201268991,12.0287928350272,83.31554918047125
6562,9.15755586705909,6.812476687779127,17.77825357741855,78.52121471648289
6576,12.87549363251116,6.28993160818377,26.221796686370823,63.64998751144783
6577,12.159939063618184,6.341062781672594,23.541971948921915,67.72032656478962
6598,11.728756934362318,6.913965955576577,23.879854601109624,69.29213698105988
6599,12.434267364200714,6.741293906379145,26.1051224199883,64.82827776385058
6613,15.646612305485574,7.320291912247349,45.82317181556401,45.07874435635821
6614,15.60995394430837,7.156433137406471,44.807871481408284,45.90897540867896
6624,15.425377075140776,7.205102201334124,43.78967421824463,47.69720707720523
6625,16.390846965823695,7.564176576528031,50.111400972995845,42.51780300359586
6638,13.213048280638143,6.562301486266874,29.36905203312322,61.47262390310221
6644,14.531891847835084,6.709523902494351,36.75430844012373,51.46437865174056
6647,13.61285597357827,7.265363098999709,34.795325230727634,56.344241947574744
6648,13.667915910806933,6.749361099992067,33.06587269546494,57.44684430090163
6649,12.71925473145792,6.910248796026647,28.914056170672424,63.10255198487713
6650,14.087871324669118,6.992220576099601,35.96677179739069,54.37843613739379
6653,15.05004771365904,6.9926920424991215,40.50911050765946,51.02298874401443
6668,10.150768005232749,6.463235950869429,17.154832718419797,77.67236402881309
6669,9.735512127295571,6.261942709387987,15.44565856833515,79.60522198440414
6673,13.428062897106262,6.412048852881005,29.571148028236294,60.349769120535
6676,17.424586842835836,6.797856187091674,54.32508810051904,36.576633377993446
6677,17.145669011446497,7.026518963292174,52.91983550222523,38.55444763675286
6680,12.394642944519356,6.594354666829745,25.16955484147076,66.00343824576929
6681,15.680755243240979,6.82480771676196,43.67108945092316,45.093655022827996
6682,13.27886759373171,6.7946419833364935,29.7702660737765,60.40542058421264
6683,13.897633032532474,6.642556129395691,32.327017007939155,58.457830175170635
6690,12.124447658285316,7.137905282449748,26.49677650819191,66.95730640023483
6691,16.157466375862356,7.117068192692342,46.962791792370076,43.94056101161821
6692,17.29937793694644,7.035901972685665,54.59064101573566,36.65816786422519
6706,8.692740041806903,5.337045263582317,10.01582673885881,86.14244064972928
6708,12.932408852608612,7.414024089335412,31.457464290228792,62.28289723170269
6709,12.415264704887706,7.004247757837859,26.753189292825013,66.09640390335029
6710,13.856670249312627,7.323775648815104,35.44171976891225,57.1297513079269
6711,12.152782200009904,7.035209740803692,25.89605956415267,67.77401241744379
6718,16.17349240899574,7.209133246217099,45.952786048490005,44.9808592088473
6721,16.166122503737977,7.169053474360519,45.765518933507806,45.053978899157606
6724,15.45787736573617,7.400098473492365,42.78382994246298,49.22731267306703
674,12.77606112364275,7.086119219381531,28.62897533153253,62.66976630368286
6740,16.943109710087036,6.696876204537866,51.72444287230279,38.36727474859771
6741,16.355466742375494,6.640940591585092,47.57405549111856,41.66655806497856
6742,16.265833660087747,6.633508151608168,46.8844391209249,42.27684616185814
6744,17.239518091773384,6.622175377082542,54.000901996692676,36.29990023369915
6745,16.597407411647048,6.548555261220298,48.792296519446985,40.250954865780834
6746,16.562756538835913,6.53147642690085,48.75314078837165,40.2885472671764
6749,12.798969551897507,6.660954718362733,27.95992330221876,63.224046018668744
675,11.823050344337982,6.455100673407732,22.454523314412032,67.7907042095206
6755,13.38133607980629,7.5909652060166195,34.678307843578594,57.58947081610653
6759,12.054673368555537,6.037783333940982,20.777485266801193,70.9371784420895
676,11.802530318192355,6.053461681037862,19.42915868641099,69.77997851170178
677,11.020651228477758,6.249155991417836,18.76653718403423,73.75349509279589
6775,12.099433659322846,6.736114861121838,25.075623239803903,67.4489760439484
6784,17.19743280987404,6.643919804904468,52.65087053279225,37.400183270061525
6787,17.850812207617704,6.549332026379373,57.38538254232092,33.36453273516549
6789,16.437130945964245,6.977685132738047,48.811103738111036,42.0482194204822
679,15.350537924959845,7.240089367744913,43.78688042675538,47.78341017129009
6793,16.36658314639585,6.5892803553916615,49.256276876971995,40.85908852802515
6796,16.514099321453457,6.64342141570915,48.43420235878336,41.03817504655494
68,12.689927266824885,6.748918157325165,27.00053615709403,64.7091347764895
680,13.82027680244291,7.38189709379771,35.7409013980345,56.84226245502254
6801,16.45753634979817,6.373096224154483,47.42510714840888,40.7208367569008
681,15.806014269538114,6.770739099325733,43.84765766418073,45.64405184273405
6810,16.476745453152873,7.076887052175795,48.12149726700339,43.33529371064831
6814,14.657320814057236,7.269328797741793,39.66308404543879,51.94460873289417
6815,15.583104456442078,7.354056605420221,44.8007355148604,46.81964875412789
682,12.066162724575332,6.711352702696638,24.336347938068897,68.60494043960547
6825,14.441986857221606,7.205583850990692,37.17171147282011,54.67855228638325
6826,14.6632438591236,7.290845964610275,38.59322559720225,53.41681473333897
6828,14.86623067775436,7.394717826346273,40.24729520865533,51.96852606435296
6830,17.461861317220425,6.449701928155095,55.13989125061789,34.9757785467128
6836,16.7144821894992,6.76005112399127,49.05526590198123,40.73965936739659
6837,15.620357194832916,7.051795194965471,43.442018092869446,46.66839760583782
684,15.819763239439132,6.999089698704967,44.04133850849757,46.12427930813581
6846,14.432966588833185,6.970066447815235,37.11224457062201,53.73239662528471
6847,16.82177433640166,6.813769526256949,51.084566309216775,39.38373829238496
6848,16.31735875986905,6.695225480772294,47.15872746498179,42.71634270198295
686,12.129809478814952,6.6498191757791325,24.57196488500408,67.05599059555185
688,16.256753536309404,6.579166255760485,47.75224144462685,41.8766799559829
69,14.459761633884842,6.6983453121449426,35.414400696106156,53.49475410384699
6902,16.683095631718945,7.374209814008492,52.20883110304361,40.798471864578495
6903,9.485257181721515,6.105382555466117,13.737625849537077,81.44594161593335
6904,14.762531385944117,6.905332691147666,37.96541543652467,51.95444959932518
6906,14.701998623068926,6.5107732749445635,35.525501823844365,53.37357878794343
6907,15.224081867897214,6.560414520873322,39.02782219379597,49.50005329922183
693,17.784737486453995,6.067815086023808,58.28079107107891,30.53260231055414
694,16.18323700292396,7.23782167824238,49.09471545979334,42.965519385629456
695,18.71619426054544,6.775959664372048,63.960234065311774,28.710753161769333
696,17.780967867394526,6.688397044121473,56.870757803313424,33.72917467081136
6965,15.088700731498397,6.452252342914601,39.400269387941464,46.9305755313563
6969,15.359230645277874,7.27471252069161,42.69159651319038,48.063074961812774
697,17.07853729316994,6.719495218592687,51.25488240671486,38.23097592731101
7016,12.044183191297106,6.754981500491836,24.720588235294116,66.73214285714286
7018,13.432286008058561,6.483112553927342,29.448428186741705,60.512541224168714
7019,13.738399292367948,7.0291885133581244,33.28883430341219,58.449030811128324
7020,13.471865382026548,7.082438076714994,32.27815468113975,60.14518317503392
7021,14.973809095058753,7.3904326771303275,41.202408610307714,51.30940527555198
7023,12.835961770148415,6.833400757906527,28.32592319565067,62.57573314289664
7024,13.965870135647508,6.607862242641448,33.671744896071054,56.233886387466846
7025,14.238214942443905,6.838788886722006,36.51262958096073,54.49944030758749
7026,12.612474998980666,6.752858545149688,27.34888351585834,64.30664201393827
705,17.35809558749109,6.9211040234751495,54.726197290593404,36.40272212682058
706,17.578659211276225,6.793077402485555,55.61497326203209,35.24157578871167
707,16.8335123999569,6.81919387722977,49.73514318821387,39.7602494068311
7075,12.466326394569004,7.367397864185031,29.684667673716014,63.7405589123867
7077,12.457224237155629,7.081127369956448,27.397429305912596,65.27506426735219
7078,9.352380843864305,5.778023707874151,12.823309286293187,82.48901874068218
7092,11.930035776917224,7.098888343499386,24.876590525831674,66.82661352138587
7093,12.40930308116961,5.81690075091557,19.65322276667923,70.55408970976254
7102,13.653750678781313,6.835365989746634,32.7118486063205,58.19361024917098
711,17.529155731964764,6.826385417087961,55.97538824068467,35.34176635192852
712,17.608287813186813,6.629692163051573,55.76207048525098,34.475159951976416
714,16.269015534260216,6.695015187739638,46.042404352707486,44.131617583556434
7173,13.933887333866155,6.762755244842471,34.42430984513598,55.26215638631108
7174,14.954273254793838,6.986324173332661,40.17617647689964,50.29398510761571
718,17.099554620617727,6.904616952634287,53.54883940682487,37.60078033316569
7185,14.254332337489991,6.802690344890364,35.41974571543227,54.10741027121729
7186,14.084440772812329,6.738177666858786,33.85419153955625,56.30426269591877
7188,13.439907970079206,7.27920556042715,31.929493305087675,60.745823595104596
7189,13.926599523822798,7.772837052940142,37.40461025772485,55.17717350580719
7190,12.970719501240518,7.580983612868895,31.7990463079348,61.15001695895932
7191,12.97119730271754,7.5867785925247935,31.84928051020202,61.18387858483521
7192,13.08251296194467,7.678436215798379,33.00128136237755,60.040094242136156
721,14.063130280006321,6.909746142343965,34.945666347909246,56.319221072763625
7222,11.037871506796533,6.55352078469789,20.24207618493748,73.032676650189
7239,10.922055433893037,6.461628367502549,20.04422306494371,73.57196352785934
724,15.154304127792216,6.957005079851843,41.02189436968254,48.921778888077114
7243,11.787784506073265,6.491401094928223,21.973648213355926,70.25319248453398
7260,11.721408844438104,6.549961676210675,22.348411596139307,70.042720767919
7284,15.829973262935539,7.092273887689147,45.74239102009616,44.770775079962185
7291,13.793108231942295,7.835508177492099,38.006615598885794,55.04352367688023
7293,15.024090023422012,7.534598399064031,42.039615448367314,50.78526437924747
7294,13.56138924133131,7.062031651165476,33.415593429474825,57.779638422809555
7299,13.683549562546697,6.786004530541196,33.878518379462875,56.448944632821394
73,14.721468565678665,6.785458765926178,38.11317755523764,52.26037195994277
730,13.468593262659418,6.683661588748839,30.47776606673515,59.76812135604979
7304,13.71266943616327,6.7869864441731,33.879090248986955,56.142693181552005
7310,14.400144396195122,7.380382780602825,38.44064053009387,53.45775814467145
732,16.610817485320062,6.155138566122723,46.99184575663577,39.485855452569794
7329,19.305668517044626,6.129754339833878,65.72943698521945,25.052465305201398
7332,12.898591555563259,7.1868857397937544,31.057558091797354,61.74665407668938
7334,16.856952068456426,6.888337418816531,51.555140282613145,39.65159737866066
7336,15.065156527281546,6.833180766735473,40.20998191504161,49.10925442508654
7338,16.069879515584287,6.90124900437527,46.48677831891752,43.970665976807226
7343,15.520785305361615,6.996306850143991,43.77155920233503,46.627069173147184
7344,13.48939846539583,6.495041811178281,30.032225274131108,58.98955382053334
7348,15.022581762977271,6.689076450191158,39.78550990542341,48.487429832033726
7350,14.388519175549138,6.247520665891985,34.17629127130651,52.64909192391911
7358,13.442021083683809,7.3736394752185666,33.279603937597145,58.08723351179168
736,12.530058951948432,6.345001446929678,24.68198451619327,66.19451843369595
7360,14.00420243357944,7.016116057638106,34.362193843514724,56.65920137234347
7362,13.69566047981055,6.678866782861511,30.47653247150514,58.9248427296546
7365,14.65705503167103,7.38615615180839,39.21959164450898,52.99496668988727
739,11.864998251174091,6.283891025222259,21.485957885367625,69.74913920314806
7399,17.201966269495927,6.682436713460812,53.28433103030914,36.98244994704725
740,16.75996127539179,7.954010594706662,54.516710718079196,38.737247733616584
7410,17.91772317196701,6.709337153992767,57.470822111068365,33.45645761190201
7411,17.646166620998436,6.770701144317011,56.38686131386861,34.29295130188474
7412,16.355398465074114,6.630130713903993,47.706914123263424,41.11730944590463
7413,17.512900558053637,6.664795458597803,55.081384567837645,35.28124034202122
7421,13.613417834331692,7.397932997163427,33.8610937877843,59.15159537233839
7427,14.380729945511437,7.014767028511733,36.90829114804628,53.65112321671287
7430,13.544096641546842,7.45913022440999,33.94697628213088,58.75450142803924
7444,12.118511532969794,7.245432585303289,25.19874263767152,68.1421720612374
7457,16.406728044620113,6.953310185422617,48.15880893300248,41.62779156327544
7458,16.89420565173668,6.6572351707202975,50.406097087864644,38.79384784812344
7459,10.406967983224062,6.221941001263924,17.612600380183885,75.14321552805472
7464,12.043514345063112,6.911775805002763,25.851629644625206,67.48072215985424
7470,14.843980948058435,6.728992262657261,38.21482602118003,51.692721465792566
7473,15.681112788552568,7.187394371595986,44.71784293502284,46.62873593181535
7474,14.380933057206597,7.402622150003695,38.73599581361052,52.964962774434476
7481,11.419791007722129,6.371895767284065,20.759310842876303,71.96843082636954
7484,13.09424914601654,6.946277999178098,30.745932848736583,61.08803507557402
7485,16.436201731315645,7.485132437595681,49.77000116455106,42.60995302977369
7498,16.1294661580785,7.058439915835303,47.891582749562176,43.184927758318736
7499,16.478103754275388,6.913639552852575,49.057584461769935,41.65914375598413
75,14.275902018900517,6.779894328760525,34.988849460706625,56.15103019762402
7501,16.395423790506054,6.980519310478012,48.74462086362962,41.6768066478706
7512,15.004674615795048,6.996239435188429,40.62284675078223,49.75205864744886
7515,14.85590181802156,7.179381509484705,40.88200238379023,50.62968043717814
7517,15.250867825688621,6.961216683846294,41.692204285763104,48.54577974230739
7520,15.148364257968842,7.04944280567808,41.61785657748931,49.22770754652977
7523,17.67701279984254,6.369484846395929,55.878903704990655,33.72859025032938
7525,14.231225998038964,6.472497369363518,33.806956380736175,53.68290903194421
7528,16.55993252623546,6.7926586797931625,49.012173218918385,41.18140091798044
7549,13.985076397711765,7.053059606041087,34.943762475646345,56.54949021670272
7550,14.116852605929079,6.950929522130311,34.61538461538461,55.73222398039916
7552,15.438218344673514,6.630738591876693,40.725555618390544,49.04710739127976
7553,14.887629900343326,7.626085780431938,41.903155981296116,50.85447087384446
7554,14.523229650155988,7.1951308163242125,37.761666496477076,53.108087409374036
7555,15.562566224748643,6.633855506326074,41.39006026192365,48.42664885251833
7561,13.33862477976095,7.031487261076037,31.014701442274195,60.16907819866688
7562,15.756921772570744,7.116369155499568,45.63723255146326,45.795970751642265
7564,16.690149233799975,6.688966894080148,49.52088922958988,40.500274967920404
7587,13.036003645515603,6.779707164714759,28.509234828496044,62.79155672823219
7589,16.138522044047544,7.70962506607828,50.06488450558007,42.069116971790216
7592,11.996585045951853,6.61451714537549,24.16819956756059,67.39923193597315
7599,15.447479453500137,7.4109231729742175,45.52787522048477,44.02758784707771
76,14.03735412820286,6.738441413910536,34.51320040102484,56.52640080204968
7602,15.611453688508142,6.585092854985849,41.311107549286746,47.22872255169098
7603,15.359023366207975,7.175154553958748,43.062191549185,44.47787019013351
7604,14.430144804797298,7.090206903294792,37.3921572552395,52.471125167644175
7607,15.133235121537927,6.605519462403799,38.863030847751425,50.627547908708635
7608,15.39829645395047,7.384086177688155,44.55904393784018,44.750335252820065
7609,15.091443759263585,7.278983552560311,42.427285795868535,47.5335263188988
7612,15.200901910313354,6.875155903023541,40.3744861253854,49.06539054470709
7618,16.168186269452313,7.095428205918904,48.12761373716893,42.60708401976936
7619,17.671220340786707,6.530632864696471,56.24045451768587,34.46911845561733
7624,14.196531458135992,6.388573962512746,33.49588675609576,53.6144667605425
7625,17.448967441822486,6.861663493308551,56.049131198606375,35.23037630836913
7628,15.845538326619979,6.817071817035597,45.20115433731184,44.26702597258952
7633,16.694592369409694,6.672537098862644,49.94823871743935,40.42416272628074
7636,13.964440997130206,6.373863412305703,31.449995879913207,55.20504298623891
7637,17.579323883597723,6.6465533027683605,55.919839238032324,35.00013763867096
7644,16.244326891026216,6.789261870418001,45.07818317200298,44.48001985604368
7660,15.548969295193837,6.514898527659131,41.28979256520846,46.794002875333746
7661,18.188334433325014,6.179860896808997,59.15495829849712,30.644996839250393
7672,15.954613431751527,6.935999769979933,45.996443283884474,44.447696013326436
7681,16.369301120180417,7.12758862551709,49.06640625,42.34375
7684,15.990337751214234,6.802675416294074,46.064778898370825,43.159425911559346
7693,15.261079496512918,6.734817095760023,42.39764779257808,47.491869737604134
7696,12.492522916092222,6.48581655385478,26.379822601982173,64.4184684782373
770,15.614842590394252,7.048828644202991,43.86463478196123,47.11970415229207
7707,16.824738065409328,6.939600987933969,51.50889423532309,39.62718093469983
7713,12.634840624488415,7.198122770216284,28.98502372479241,62.140421115065244
